序号,变量名,数据类型,隐藏初始值,初始值,掉电保持,网络公开,注释,软元件地址,
1,TPR1_En,BOOL,,OFF,不保持,私有,,,
2,TPR1_PT,DINT,,0,不保持,私有,,,
3,TPR1_Rst,BOOL,,OFF,不保持,私有,,,
4,TPR1_Q,BOOL,,OFF,不保持,私有,,,
5,TPR1_ET,DINT,,0,不保持,私有,,,
6,iAOCalStatus,INT,,0,不保持,私有,,,
7,iAICalStatus,INT,,0,不保持,私有,,,
8,iConvEn,INT,,0,不保持,私有,,,
9,iConvDatatype,INT,,0,不保持,私有,,,
10,bRdCfg,BOOL,,OFF,不保持,私有,,,
11,bRdCfgDone,BOOL,,OFF,不保持,私有,,,
12,iDevType,INT,,0,不保持,私有,,,
13,bWrCfg,BOOL,,OFF,不保持,私有,,,
14,iWrBuf,INT[128],,...,不保持,私有,,,
,iWrBuf[0],INT,,0,,,,,
,iWrBuf[1],INT,,0,,,,,
,iWrBuf[2],INT,,0,,,,,
,iWrBuf[3],INT,,0,,,,,
,iWrBuf[4],INT,,0,,,,,
,iWrBuf[5],INT,,0,,,,,
,iWrBuf[6],INT,,0,,,,,
,iWrBuf[7],INT,,0,,,,,
,iWrBuf[8],INT,,0,,,,,
,iWrBuf[9],INT,,0,,,,,
,iWrBuf[10],INT,,0,,,,,
,iWrBuf[11],INT,,0,,,,,
,iWrBuf[12],INT,,0,,,,,
,iWrBuf[13],INT,,0,,,,,
,iWrBuf[14],INT,,0,,,,,
,iWrBuf[15],INT,,0,,,,,
,iWrBuf[16],INT,,0,,,,,
,iWrBuf[17],INT,,0,,,,,
,iWrBuf[18],INT,,0,,,,,
,iWrBuf[19],INT,,0,,,,,
,iWrBuf[20],INT,,0,,,,,
,iWrBuf[21],INT,,0,,,,,
,iWrBuf[22],INT,,0,,,,,
,iWrBuf[23],INT,,0,,,,,
,iWrBuf[24],INT,,0,,,,,
,iWrBuf[25],INT,,0,,,,,
,iWrBuf[26],INT,,0,,,,,
,iWrBuf[27],INT,,0,,,,,
,iWrBuf[28],INT,,0,,,,,
,iWrBuf[29],INT,,0,,,,,
,iWrBuf[30],INT,,0,,,,,
,iWrBuf[31],INT,,0,,,,,
,iWrBuf[32],INT,,0,,,,,
,iWrBuf[33],INT,,0,,,,,
,iWrBuf[34],INT,,0,,,,,
,iWrBuf[35],INT,,0,,,,,
,iWrBuf[36],INT,,0,,,,,
,iWrBuf[37],INT,,0,,,,,
,iWrBuf[38],INT,,0,,,,,
,iWrBuf[39],INT,,0,,,,,
,iWrBuf[40],INT,,0,,,,,
,iWrBuf[41],INT,,0,,,,,
,iWrBuf[42],INT,,0,,,,,
,iWrBuf[43],INT,,0,,,,,
,iWrBuf[44],INT,,0,,,,,
,iWrBuf[45],INT,,0,,,,,
,iWrBuf[46],INT,,0,,,,,
,iWrBuf[47],INT,,0,,,,,
,iWrBuf[48],INT,,0,,,,,
,iWrBuf[49],INT,,0,,,,,
,iWrBuf[50],INT,,0,,,,,
,iWrBuf[51],INT,,0,,,,,
,iWrBuf[52],INT,,0,,,,,
,iWrBuf[53],INT,,0,,,,,
,iWrBuf[54],INT,,0,,,,,
,iWrBuf[55],INT,,0,,,,,
,iWrBuf[56],INT,,0,,,,,
,iWrBuf[57],INT,,0,,,,,
,iWrBuf[58],INT,,0,,,,,
,iWrBuf[59],INT,,0,,,,,
,iWrBuf[60],INT,,0,,,,,
,iWrBuf[61],INT,,0,,,,,
,iWrBuf[62],INT,,0,,,,,
,iWrBuf[63],INT,,0,,,,,
,iWrBuf[64],INT,,0,,,,,
,iWrBuf[65],INT,,0,,,,,
,iWrBuf[66],INT,,0,,,,,
,iWrBuf[67],INT,,0,,,,,
,iWrBuf[68],INT,,0,,,,,
,iWrBuf[69],INT,,0,,,,,
,iWrBuf[70],INT,,0,,,,,
,iWrBuf[71],INT,,0,,,,,
,iWrBuf[72],INT,,0,,,,,
,iWrBuf[73],INT,,0,,,,,
,iWrBuf[74],INT,,0,,,,,
,iWrBuf[75],INT,,0,,,,,
,iWrBuf[76],INT,,0,,,,,
,iWrBuf[77],INT,,0,,,,,
,iWrBuf[78],INT,,0,,,,,
,iWrBuf[79],INT,,0,,,,,
,iWrBuf[80],INT,,0,,,,,
,iWrBuf[81],INT,,0,,,,,
,iWrBuf[82],INT,,0,,,,,
,iWrBuf[83],INT,,0,,,,,
,iWrBuf[84],INT,,0,,,,,
,iWrBuf[85],INT,,0,,,,,
,iWrBuf[86],INT,,0,,,,,
,iWrBuf[87],INT,,0,,,,,
,iWrBuf[88],INT,,0,,,,,
,iWrBuf[89],INT,,0,,,,,
,iWrBuf[90],INT,,0,,,,,
,iWrBuf[91],INT,,0,,,,,
,iWrBuf[92],INT,,0,,,,,
,iWrBuf[93],INT,,0,,,,,
,iWrBuf[94],INT,,0,,,,,
,iWrBuf[95],INT,,0,,,,,
,iWrBuf[96],INT,,0,,,,,
,iWrBuf[97],INT,,0,,,,,
,iWrBuf[98],INT,,0,,,,,
,iWrBuf[99],INT,,0,,,,,
,iWrBuf[100],INT,,0,,,,,
,iWrBuf[101],INT,,0,,,,,
,iWrBuf[102],INT,,0,,,,,
,iWrBuf[103],INT,,0,,,,,
,iWrBuf[104],INT,,0,,,,,
,iWrBuf[105],INT,,0,,,,,
,iWrBuf[106],INT,,0,,,,,
,iWrBuf[107],INT,,0,,,,,
,iWrBuf[108],INT,,0,,,,,
,iWrBuf[109],INT,,0,,,,,
,iWrBuf[110],INT,,0,,,,,
,iWrBuf[111],INT,,0,,,,,
,iWrBuf[112],INT,,0,,,,,
,iWrBuf[113],INT,,0,,,,,
,iWrBuf[114],INT,,0,,,,,
,iWrBuf[115],INT,,0,,,,,
,iWrBuf[116],INT,,0,,,,,
,iWrBuf[117],INT,,0,,,,,
,iWrBuf[118],INT,,0,,,,,
,iWrBuf[119],INT,,0,,,,,
,iWrBuf[120],INT,,0,,,,,
,iWrBuf[121],INT,,0,,,,,
,iWrBuf[122],INT,,0,,,,,
,iWrBuf[123],INT,,0,,,,,
,iWrBuf[124],INT,,0,,,,,
,iWrBuf[125],INT,,0,,,,,
,iWrBuf[126],INT,,0,,,,,
,iWrBuf[127],INT,,0,,,,,
15,bWrCfgDone,BOOL,,OFF,不保持,私有,,,
16,bWrCfgError,BOOL,,OFF,不保持,私有,,,
17,bRdData,BOOL,,OFF,不保持,私有,,,
18,iDataBuf,INT[128],,0,不保持,私有,存放ADC各个通道的换算值,,
,iDataBuf[0],INT,,0,,,,,
,iDataBuf[1],INT,,0,,,,,
,iDataBuf[2],INT,,0,,,,,
,iDataBuf[3],INT,,0,,,,,
,iDataBuf[4],INT,,0,,,,,
,iDataBuf[5],INT,,0,,,,,
,iDataBuf[6],INT,,0,,,,,
,iDataBuf[7],INT,,0,,,,,
,iDataBuf[8],INT,,0,,,,,
,iDataBuf[9],INT,,0,,,,,
,iDataBuf[10],INT,,0,,,,,
,iDataBuf[11],INT,,0,,,,,
,iDataBuf[12],INT,,0,,,,,
,iDataBuf[13],INT,,0,,,,,
,iDataBuf[14],INT,,0,,,,,
,iDataBuf[15],INT,,0,,,,,
,iDataBuf[16],INT,,0,,,,,
,iDataBuf[17],INT,,0,,,,,
,iDataBuf[18],INT,,0,,,,,
,iDataBuf[19],INT,,0,,,,,
,iDataBuf[20],INT,,0,,,,,
,iDataBuf[21],INT,,0,,,,,
,iDataBuf[22],INT,,0,,,,,
,iDataBuf[23],INT,,0,,,,,
,iDataBuf[24],INT,,0,,,,,
,iDataBuf[25],INT,,0,,,,,
,iDataBuf[26],INT,,0,,,,,
,iDataBuf[27],INT,,0,,,,,
,iDataBuf[28],INT,,0,,,,,
,iDataBuf[29],INT,,0,,,,,
,iDataBuf[30],INT,,0,,,,,
,iDataBuf[31],INT,,0,,,,,
,iDataBuf[32],INT,,0,,,,,
,iDataBuf[33],INT,,0,,,,,
,iDataBuf[34],INT,,0,,,,,
,iDataBuf[35],INT,,0,,,,,
,iDataBuf[36],INT,,0,,,,,
,iDataBuf[37],INT,,0,,,,,
,iDataBuf[38],INT,,0,,,,,
,iDataBuf[39],INT,,0,,,,,
,iDataBuf[40],INT,,0,,,,,
,iDataBuf[41],INT,,0,,,,,
,iDataBuf[42],INT,,0,,,,,
,iDataBuf[43],INT,,0,,,,,
,iDataBuf[44],INT,,0,,,,,
,iDataBuf[45],INT,,0,,,,,
,iDataBuf[46],INT,,0,,,,,
,iDataBuf[47],INT,,0,,,,,
,iDataBuf[48],INT,,0,,,,,
,iDataBuf[49],INT,,0,,,,,
,iDataBuf[50],INT,,0,,,,,
,iDataBuf[51],INT,,0,,,,,
,iDataBuf[52],INT,,0,,,,,
,iDataBuf[53],INT,,0,,,,,
,iDataBuf[54],INT,,0,,,,,
,iDataBuf[55],INT,,0,,,,,
,iDataBuf[56],INT,,0,,,,,
,iDataBuf[57],INT,,0,,,,,
,iDataBuf[58],INT,,0,,,,,
,iDataBuf[59],INT,,0,,,,,
,iDataBuf[60],INT,,0,,,,,
,iDataBuf[61],INT,,0,,,,,
,iDataBuf[62],INT,,0,,,,,
,iDataBuf[63],INT,,0,,,,,
,iDataBuf[64],INT,,0,,,,,
,iDataBuf[65],INT,,0,,,,,
,iDataBuf[66],INT,,0,,,,,
,iDataBuf[67],INT,,0,,,,,
,iDataBuf[68],INT,,0,,,,,
,iDataBuf[69],INT,,0,,,,,
,iDataBuf[70],INT,,0,,,,,
,iDataBuf[71],INT,,0,,,,,
,iDataBuf[72],INT,,0,,,,,
,iDataBuf[73],INT,,0,,,,,
,iDataBuf[74],INT,,0,,,,,
,iDataBuf[75],INT,,0,,,,,
,iDataBuf[76],INT,,0,,,,,
,iDataBuf[77],INT,,0,,,,,
,iDataBuf[78],INT,,0,,,,,
,iDataBuf[79],INT,,0,,,,,
,iDataBuf[80],INT,,0,,,,,
,iDataBuf[81],INT,,0,,,,,
,iDataBuf[82],INT,,0,,,,,
,iDataBuf[83],INT,,0,,,,,
,iDataBuf[84],INT,,0,,,,,
,iDataBuf[85],INT,,0,,,,,
,iDataBuf[86],INT,,0,,,,,
,iDataBuf[87],INT,,0,,,,,
,iDataBuf[88],INT,,0,,,,,
,iDataBuf[89],INT,,0,,,,,
,iDataBuf[90],INT,,0,,,,,
,iDataBuf[91],INT,,0,,,,,
,iDataBuf[92],INT,,0,,,,,
,iDataBuf[93],INT,,0,,,,,
,iDataBuf[94],INT,,0,,,,,
,iDataBuf[95],INT,,0,,,,,
,iDataBuf[96],INT,,0,,,,,
,iDataBuf[97],INT,,0,,,,,
,iDataBuf[98],INT,,0,,,,,
,iDataBuf[99],INT,,0,,,,,
,iDataBuf[100],INT,,0,,,,,
,iDataBuf[101],INT,,0,,,,,
,iDataBuf[102],INT,,0,,,,,
,iDataBuf[103],INT,,0,,,,,
,iDataBuf[104],INT,,0,,,,,
,iDataBuf[105],INT,,0,,,,,
,iDataBuf[106],INT,,0,,,,,
,iDataBuf[107],INT,,0,,,,,
,iDataBuf[108],INT,,0,,,,,
,iDataBuf[109],INT,,0,,,,,
,iDataBuf[110],INT,,0,,,,,
,iDataBuf[111],INT,,0,,,,,
,iDataBuf[112],INT,,0,,,,,
,iDataBuf[113],INT,,0,,,,,
,iDataBuf[114],INT,,0,,,,,
,iDataBuf[115],INT,,0,,,,,
,iDataBuf[116],INT,,0,,,,,
,iDataBuf[117],INT,,0,,,,,
,iDataBuf[118],INT,,0,,,,,
,iDataBuf[119],INT,,0,,,,,
,iDataBuf[120],INT,,0,,,,,
,iDataBuf[121],INT,,0,,,,,
,iDataBuf[122],INT,,0,,,,,
,iDataBuf[123],INT,,0,,,,,
,iDataBuf[124],INT,,0,,,,,
,iDataBuf[125],INT,,0,,,,,
,iDataBuf[126],INT,,0,,,,,
,iDataBuf[127],INT,,0,,,,,
19,bRdDataDone,BOOL,,OFF,不保持,私有,,,
20,bRdDataError,BOOL,,OFF,不保持,私有,,,
21,ModuleSel,INT,,0,不保持,私有,,,
22,bAOCal_Start,BOOL,,OFF,不保持,私有,,,
23,iZioAOSel,INT,,0,不保持,私有,,,
24,iAOCalPntRet,INT,,0,不保持,私有,,,
25,iAOCal_Pnt_Max,INT,,6,不保持,私有,,,
26,bAOCalTimeOut,BOOL,,OFF,不保持,私有,,,
27,diAOCalTimeout,DINT,,0,不保持,私有,,,
28,TPR2_En,BOOL,,OFF,不保持,私有,,,
29,TPR2_PT,DINT,,0,不保持,私有,,,
30,TPR2_Rst,BOOL,,OFF,不保持,私有,,,
31,TPR2_ET,DINT,,0,不保持,私有,,,
32,TPR2_Q,BOOL,,OFF,不保持,私有,,,
33,bDebug,BOOL,,OFF,不保持,私有,,,
34,iZioAOItem,INT,,0,不保持,私有,,,
35,xAOCalSuccess,BOOL,,OFF,不保持,私有,,,
36,xAOCalFailed,BOOL,,OFF,不保持,私有,,,
37,xCalAgain,BOOL,,OFF,不保持,私有,,,
38,xCalAgainConfirm,BOOL,,OFF,不保持,私有,,,
39,iZioAIItem,INT,,0,不保持,私有,,,
40,iZioAISel,INT,,0,不保持,私有,,,
41,iZioDOItem,INT,,0,不保持,私有,,,
42,iZioTestState,INT,,0,不保持,私有,,,
43,iDOTestState,INT,,0,不保持,私有,,,
44,iZioDOSel,INT,,0,不保持,私有,,,
45,bDOTestFailed,BOOL,,OFF,,,,,
46,bDOTestSuccess,BOOL,,OFF,,,,,
47,iBarCnt,INT,,0,,,,,
48,TPR3_En,BOOL,,OFF,,,,,
49,TPR3_PT,DINT,,0,,,,,
50,TPR3_Rst,BOOL,,OFF,,,,,
51,TPR3_Q,BOOL,,OFF,,,,,
52,TPR3_ET,DINT,,0,,,,,
53,i,INT,,0,,,,,
54,xDO_N,BOOL[16],,,,,,,
,xDO_N[0],BOOL,,OFF,,,,,
,xDO_N[1],BOOL,,OFF,,,,,
,xDO_N[2],BOOL,,OFF,,,,,
,xDO_N[3],BOOL,,OFF,,,,,
,xDO_N[4],BOOL,,OFF,,,,,
,xDO_N[5],BOOL,,OFF,,,,,
,xDO_N[6],BOOL,,OFF,,,,,
,xDO_N[7],BOOL,,OFF,,,,,
,xDO_N[8],BOOL,,OFF,,,,,
,xDO_N[9],BOOL,,OFF,,,,,
,xDO_N[10],BOOL,,OFF,,,,,
,xDO_N[11],BOOL,,OFF,,,,,
,xDO_N[12],BOOL,,OFF,,,,,
,xDO_N[13],BOOL,,OFF,,,,,
,xDO_N[14],BOOL,,OFF,,,,,
,xDO_N[15],BOOL,,OFF,,,,,
55,xDO_P,BOOL[16],,,,,,,
,xDO_P[0],BOOL,,OFF,,,,,
,xDO_P[1],BOOL,,OFF,,,,,
,xDO_P[2],BOOL,,OFF,,,,,
,xDO_P[3],BOOL,,OFF,,,,,
,xDO_P[4],BOOL,,OFF,,,,,
,xDO_P[5],BOOL,,OFF,,,,,
,xDO_P[6],BOOL,,OFF,,,,,
,xDO_P[7],BOOL,,OFF,,,,,
,xDO_P[8],BOOL,,OFF,,,,,
,xDO_P[9],BOOL,,OFF,,,,,
,xDO_P[10],BOOL,,OFF,,,,,
,xDO_P[11],BOOL,,OFF,,,,,
,xDO_P[12],BOOL,,OFF,,,,,
,xDO_P[13],BOOL,,OFF,,,,,
,xDO_P[14],BOOL,,OFF,,,,,
,xDO_P[15],BOOL,,OFF,,,,,
56,xDI_N,BOOL[16],,,,,,,
,xDI_N[0],BOOL,,OFF,,,,,
,xDI_N[1],BOOL,,OFF,,,,,
,xDI_N[2],BOOL,,OFF,,,,,
,xDI_N[3],BOOL,,OFF,,,,,
,xDI_N[4],BOOL,,OFF,,,,,
,xDI_N[5],BOOL,,OFF,,,,,
,xDI_N[6],BOOL,,OFF,,,,,
,xDI_N[7],BOOL,,OFF,,,,,
,xDI_N[8],BOOL,,OFF,,,,,
,xDI_N[9],BOOL,,OFF,,,,,
,xDI_N[10],BOOL,,OFF,,,,,
,xDI_N[11],BOOL,,OFF,,,,,
,xDI_N[12],BOOL,,OFF,,,,,
,xDI_N[13],BOOL,,OFF,,,,,
,xDI_N[14],BOOL,,OFF,,,,,
,xDI_N[15],BOOL,,OFF,,,,,
57,xDI_P,BOOL[16],,,,,,,
,xDI_P[0],BOOL,,OFF,,,,,
,xDI_P[1],BOOL,,OFF,,,,,
,xDI_P[2],BOOL,,OFF,,,,,
,xDI_P[3],BOOL,,OFF,,,,,
,xDI_P[4],BOOL,,OFF,,,,,
,xDI_P[5],BOOL,,OFF,,,,,
,xDI_P[6],BOOL,,OFF,,,,,
,xDI_P[7],BOOL,,OFF,,,,,
,xDI_P[8],BOOL,,OFF,,,,,
,xDI_P[9],BOOL,,OFF,,,,,
,xDI_P[10],BOOL,,OFF,,,,,
,xDI_P[11],BOOL,,OFF,,,,,
,xDI_P[12],BOOL,,OFF,,,,,
,xDI_P[13],BOOL,,OFF,,,,,
,xDI_P[14],BOOL,,OFF,,,,,
,xDI_P[15],BOOL,,OFF,,,,,
58,iZioDIItem,INT,,0,,,,,
59,iDITestState,INT,,0,,,,,
60,bDITestSuccess,BOOL,,OFF,,,,,
61,bDITestFailed,BOOL,,OFF,,,,,
62,iZioDISel,INT,,0,,,,,
63,TPR_En,BOOL[8],,,,,,,
,TPR_En[0],BOOL,,OFF,,,,,
,TPR_En[1],BOOL,,OFF,,,,,
,TPR_En[2],BOOL,,OFF,,,,,
,TPR_En[3],BOOL,,OFF,,,,,
,TPR_En[4],BOOL,,OFF,,,,,
,TPR_En[5],BOOL,,OFF,,,,,
,TPR_En[6],BOOL,,OFF,,,,,
,TPR_En[7],BOOL,,OFF,,,,,
64,TPR_Pt,DINT[8],,,,,,,
,TPR_Pt[0],DINT,,0,,,,,
,TPR_Pt[1],DINT,,0,,,,,
,TPR_Pt[2],DINT,,0,,,,,
,TPR_Pt[3],DINT,,0,,,,,
,TPR_Pt[4],DINT,,0,,,,,
,TPR_Pt[5],DINT,,0,,,,,
,TPR_Pt[6],DINT,,0,,,,,
,TPR_Pt[7],DINT,,0,,,,,
65,TPR_Rst,BOOL[8],,,,,,,
,TPR_Rst[0],BOOL,,OFF,,,,,
,TPR_Rst[1],BOOL,,OFF,,,,,
,TPR_Rst[2],BOOL,,OFF,,,,,
,TPR_Rst[3],BOOL,,OFF,,,,,
,TPR_Rst[4],BOOL,,OFF,,,,,
,TPR_Rst[5],BOOL,,OFF,,,,,
,TPR_Rst[6],BOOL,,OFF,,,,,
,TPR_Rst[7],BOOL,,OFF,,,,,
66,TPR_Q,BOOL[8],,,,,,,
,TPR_Q[0],BOOL,,OFF,,,,,
,TPR_Q[1],BOOL,,OFF,,,,,
,TPR_Q[2],BOOL,,OFF,,,,,
,TPR_Q[3],BOOL,,OFF,,,,,
,TPR_Q[4],BOOL,,OFF,,,,,
,TPR_Q[5],BOOL,,OFF,,,,,
,TPR_Q[6],BOOL,,OFF,,,,,
,TPR_Q[7],BOOL,,OFF,,,,,
67,TPR_Et,DINT[8],,,,,,,
,TPR_Et[0],DINT,,0,,,,,
,TPR_Et[1],DINT,,0,,,,,
,TPR_Et[2],DINT,,0,,,,,
,TPR_Et[3],DINT,,0,,,,,
,TPR_Et[4],DINT,,0,,,,,
,TPR_Et[5],DINT,,0,,,,,
,TPR_Et[6],DINT,,0,,,,,
,TPR_Et[7],DINT,,0,,,,,
68,TimerCnt1,INT,,0,,,,,
69,TimerCnt2,INT,,0,,,,,
70,TimerCnt3,INT,,0,,,,,
71,TimerCnt1Max,INT,,0,,,,,
72,TimerCnt2Max,INT,,0,,,,,
73,TimerCnt3Max,INT,,0,,,,,
74,iChnMax,INT,,0,,,,,
75,bDOEasy,BOOL[8],,,,,,,
,bDOEasy[0],BOOL,,OFF,,,,,
,bDOEasy[1],BOOL,,OFF,,,,,
,bDOEasy[2],BOOL,,OFF,,,,,
,bDOEasy[3],BOOL,,OFF,,,,,
,bDOEasy[4],BOOL,,OFF,,,,,
,bDOEasy[5],BOOL,,OFF,,,,,
,bDOEasy[6],BOOL,,OFF,,,,,
,bDOEasy[7],BOOL,,OFF,,,,,
76,bDI_ChnCheck,BOOL[8],,,,,,,
,bDI_ChnCheck[0],BOOL,,OFF,,,,,
,bDI_ChnCheck[1],BOOL,,OFF,,,,,
,bDI_ChnCheck[2],BOOL,,OFF,,,,,
,bDI_ChnCheck[3],BOOL,,OFF,,,,,
,bDI_ChnCheck[4],BOOL,,OFF,,,,,
,bDI_ChnCheck[5],BOOL,,OFF,,,,,
,bDI_ChnCheck[6],BOOL,,OFF,,,,,
,bDI_ChnCheck[7],BOOL,,OFF,,,,,
77,iAOTestState,INT,,0,,,,,
78,bAOTestSuccess,BOOL,,OFF,,,,,
79,diAICalTimeout,DINT,,0,,,,,
80,bAOTestFailed,BOOL,,OFF,,,,,
81,iTestPnt,INT,,0,,,,,
82,iTestPntMax,INT,,0,,,,,
83,fAOVal,REAL[8],,,,,,,
,fAOVal[0],REAL,,0.000000,,,,,
,fAOVal[1],REAL,,0.000000,,,,,
,fAOVal[2],REAL,,0.000000,,,,,
,fAOVal[3],REAL,,0.000000,,,,,
,fAOVal[4],REAL,,0.000000,,,,,
,fAOVal[5],REAL,,0.000000,,,,,
,fAOVal[6],REAL,,0.000000,,,,,
,fAOVal[7],REAL,,0.000000,,,,,
84,fAOTestPnt,REAL[5],,,,,,,
,fAOTestPnt[0],REAL,,1.000000,,,,,
,fAOTestPnt[1],REAL,,3.000000,,,,,
,fAOTestPnt[2],REAL,,5.000000,,,,,
,fAOTestPnt[3],REAL,,7.000000,,,,,
,fAOTestPnt[4],REAL,,9.000000,,,,,
85,iAOTestRet,INT,,0,,,,,
86,iAITestState,INT,,0,,,,,
87,bAITestSuccess,BOOL,,OFF,,,,,
88,bAITestFailed,BOOL,,OFF,,,,,
89,iZio8DI8DOItem,INT,,0,,,,,
90,iZioZCPItem,INT,,0,,,,,
91,i8DI8DOTestState,INT,,0,,,,,
92,xDDTestSuccess,BOOL,,OFF,,,,,
93,xDDTestFailed,BOOL,,OFF,,,,,
94,iZioDDSel,INT,,0,,,,,
95,bDIEasy,BOOL[8],,...,不保持,私有,,X0,
,bDIEasy[0],BOOL,,OFF,,,,X0,
,bDIEasy[1],BOOL,,OFF,,,,X1,
,bDIEasy[2],BOOL,,OFF,,,,X2,
,bDIEasy[3],BOOL,,OFF,,,,X3,
,bDIEasy[4],BOOL,,OFF,,,,X4,
,bDIEasy[5],BOOL,,OFF,,,,X5,
,bDIEasy[6],BOOL,,OFF,,,,X6,
,bDIEasy[7],BOOL,,OFF,,,,X7,
96,bDDO_N0,BOOL[8],,...,不保持,私有,,,
,bDDO_N0[0],BOOL,,OFF,,,,,
,bDDO_N0[1],BOOL,,OFF,,,,,
,bDDO_N0[2],BOOL,,OFF,,,,,
,bDDO_N0[3],BOOL,,OFF,,,,,
,bDDO_N0[4],BOOL,,OFF,,,,,
,bDDO_N0[5],BOOL,,OFF,,,,,
,bDDO_N0[6],BOOL,,OFF,,,,,
,bDDO_N0[7],BOOL,,OFF,,,,,
97,bDDI_N0,BOOL[8],,...,不保持,私有,,,
,bDDI_N0[0],BOOL,,OFF,,,,,
,bDDI_N0[1],BOOL,,OFF,,,,,
,bDDI_N0[2],BOOL,,OFF,,,,,
,bDDI_N0[3],BOOL,,OFF,,,,,
,bDDI_N0[4],BOOL,,OFF,,,,,
,bDDI_N0[5],BOOL,,OFF,,,,,
,bDDI_N0[6],BOOL,,OFF,,,,,
,bDDI_N0[7],BOOL,,OFF,,,,,
98,iDDITestState,INT,,0,不保持,私有,,,
99,bDDI_OK,BOOL[8],,...,不保持,私有,,,
,bDDI_OK[0],BOOL,,OFF,,,,,
,bDDI_OK[1],BOOL,,OFF,,,,,
,bDDI_OK[2],BOOL,,OFF,,,,,
,bDDI_OK[3],BOOL,,OFF,,,,,
,bDDI_OK[4],BOOL,,OFF,,,,,
,bDDI_OK[5],BOOL,,OFF,,,,,
,bDDI_OK[6],BOOL,,OFF,,,,,
,bDDI_OK[7],BOOL,,OFF,,,,,
100,bDDO_P0,BOOL[8],,...,不保持,私有,,,
,bDDO_P0[0],BOOL,,OFF,,,,,
,bDDO_P0[1],BOOL,,OFF,,,,,
,bDDO_P0[2],BOOL,,OFF,,,,,
,bDDO_P0[3],BOOL,,OFF,,,,,
,bDDO_P0[4],BOOL,,OFF,,,,,
,bDDO_P0[5],BOOL,,OFF,,,,,
,bDDO_P0[6],BOOL,,OFF,,,,,
,bDDO_P0[7],BOOL,,OFF,,,,,
101,bDDI_P0,BOOL[8],,...,不保持,私有,,,
,bDDI_P0[0],BOOL,,OFF,,,,,
,bDDI_P0[1],BOOL,,OFF,,,,,
,bDDI_P0[2],BOOL,,OFF,,,,,
,bDDI_P0[3],BOOL,,OFF,,,,,
,bDDI_P0[4],BOOL,,OFF,,,,,
,bDDI_P0[5],BOOL,,OFF,,,,,
,bDDI_P0[6],BOOL,,OFF,,,,,
,bDDI_P0[7],BOOL,,OFF,,,,,
102,TPR4_En,BOOL,,OFF,不保持,私有,,,
103,TPR4_PT,DINT,,0,不保持,私有,,,
104,TPR4_Rst,BOOL,,OFF,不保持,私有,,,
105,TPR4_Q,BOOL,,OFF,不保持,私有,,,
106,TPR4_ET,DINT,,0,不保持,私有,,,
107,bDDLEDSuccess,BOOL,,OFF,不保持,私有,,,
108,xLED_CF,BOOL,,OFF,不保持,私有,,,
109,ESI_ID,INT,,0,不保持,私有,,,
110,ESI_WR_EN,BOOL,,OFF,不保持,私有,,,
111,ESI_WR_RET,INT,,0,不保持,私有,,,
112,TPR5_En,BOOL,,OFF,不保持,私有,,,
113,TPR5_PT,DINT,,0,不保持,私有,,,
114,TPR5_Rst,BOOL,,OFF,不保持,私有,,,
115,TPR5_Q,BOOL,,OFF,不保持,私有,,,
116,TPR5_ET,DINT,,0,不保持,私有,,,
117,iEsiBarCnt,INT,,0,不保持,私有,,,
118,Result,INT,,0,不保持,私有,,,
119,PID_DO,DINT,,0,不保持,私有,,,
120,PID_DI,DINT,,0,不保持,私有,,,
121,PID_AO,DINT,,0,不保持,私有,,,
122,PID_AI,DINT,,0,不保持,私有,,,
123,PID_DD,DINT,,0,不保持,私有,,,
124,UID_DO_h,DINT,,0,不保持,私有,,,
125,UID_DO_l,DINT,,0,不保持,私有,,,
126,UID_DI_h,DINT,,0,不保持,私有,,,
127,UID_DI_l,DINT,,0,不保持,私有,,,
128,UID_AO_h,DINT,,0,不保持,私有,,,
129,UID_AO_l,DINT,,0,不保持,私有,,,
130,UID_AI_h,DINT,,0,不保持,私有,,,
131,UID_AI_l,DINT,,0,不保持,私有,,,
132,UID_DD_h,DINT,,0,不保持,私有,,,
133,UID_DD_l,DINT,,0,不保持,私有,,,
134,Result_Eeprom_DO,INT,,0,不保持,私有,,,
135,Result_Eeprom_DI,INT,,0,不保持,私有,,,
136,Result_Eeprom_AO,INT,,0,不保持,私有,,,
137,Result_Eeprom_AI,INT,,0,不保持,私有,,,
138,Result_Ecat_DO,INT,,0,不保持,私有,,,
139,Result_Ecat_DI,INT,,0,不保持,私有,,,
140,Result_Ecat_AO,INT,,0,不保持,私有,,,
141,Result_Ecat_AI,INT,,0,不保持,私有,,,
142,Result_LEDs_DO,INT,,0,不保持,私有,,,
143,Result_LEDs_DI,INT,,0,不保持,私有,,,
144,Result_LEDs_AO,INT,,0,不保持,私有,,,
145,Result_LEDs_AI,INT,,0,不保持,私有,,,
146,Result_DIs_3ms,INT,,0,不保持,私有,,,
147,Result_DIs_4ms,INT,,0,不保持,私有,,,
148,Result_DOs_ShortCut,INT,,0,不保持,私有,,,
149,Result_DOs,INT,,0,不保持,私有,,,
150,Result_AOs_Cal,INT,,0,不保持,私有,,,
151,Result_AIs_Cal,INT,,0,不保持,私有,,,
152,Result_AOs,INT,,0,不保持,私有,,,
153,Result_AIs,INT,,0,不保持,私有,,,
154,Result_ADC_AO,INT,,0,不保持,私有,,,
155,Result_ADC_AI,INT,,0,不保持,私有,,,
156,xDDTestRecord,BOOL,,OFF,不保持,私有,,,
157,iYear,INT,,0,不保持,私有,,,
158,iMonth,INT,,0,不保持,私有,,,
159,iDay,INT,,0,不保持,私有,,,
160,iWeek,INT,,0,不保持,私有,,,
161,iHour,INT,,0,不保持,私有,,,
162,iMinute,INT,,0,不保持,私有,,,
163,iSecond,INT,,0,不保持,私有,,,
164,iMs,INT,,0,不保持,私有,,,
165,ESI_RD_EN,BOOL,,OFF,不保持,私有,,,
166,ESI_RD_RET,INT,,0,不保持,私有,,,
167,TPR6_En,BOOL,,OFF,不保持,私有,,,
168,TPR6_PT,DINT,,0,不保持,私有,,,
169,TPR6_Rst,BOOL,,OFF,不保持,私有,,,
170,TPR6_Q,BOOL,,OFF,不保持,私有,,,
171,TPR6_ET,DINT,,0,不保持,私有,,,
172,i_ddi,INT,,0,不保持,私有,,,
173,i_ddi_cp,INT,,0,不保持,私有,,,
174,SerialNo,DINT,,0,不保持,私有,,,
175,bSN_Input_Rq,BOOL,,OFF,不保持,私有,,,
176,xRelay1,BOOL,,OFF,不保持,私有,水泥板继电器1,Y3,
177,j,INT,,0,不保持,私有,,,
178,TPR7_En,BOOL,,OFF,不保持,私有,,,
179,TPR7_PT,DINT,,0,不保持,私有,,,
180,TPR7_Rst,BOOL,,OFF,不保持,私有,,,
181,TPR7_Q,BOOL,,OFF,不保持,私有,,,
182,TPR7_ET,DINT,,0,不保持,私有,,,
183,TPR8_En,BOOL,,OFF,不保持,私有,,,
184,TPR8_PT,DINT,,0,不保持,私有,,,
185,TPR8_Rst,BOOL,,OFF,不保持,私有,,,
186,TPR8_Q,BOOL,,OFF,不保持,私有,,,
187,TPR8_ET,DINT,,0,不保持,私有,,,
188,xECAT_Ctrl,BOOL,,OFF,不保持,私有,EtherCAT口切换开关,Y0,
189,xBeep,BOOL,,OFF,不保持,私有,蜂鸣器开关,Y1,
190,xPowerRelay,BOOL,,OFF,不保持,私有,被测模块电源继电器开关,Y2,
191,bESI_WrSuccess,BOOL,,OFF,不保持,私有,,,
192,bESI_RdSuccess,BOOL,,OFF,不保持,私有,,,
193,TPR9_En,BOOL,,OFF,不保持,私有,,,
194,TPR9_PT,DINT,,0,不保持,私有,,,
195,TPR9_Rst,BOOL,,OFF,不保持,私有,,,
196,TPR9_Q,BOOL,,OFF,不保持,私有,,,
197,TPR9_ET,DINT,,0,不保持,私有,,,
198,TPR10_En,BOOL,,OFF,,,,,
199,TPR10_PT,DINT,,0,,,,,
200,TPR10_Rst,BOOL,,OFF,,,,,
201,TPR10_Q,BOOL,,OFF,,,,,
202,TPR10_ET,DINT,,0,,,,,
203,iFrac,DINT,,0,,,,,
204,diDOutputTime,DINT,,30000,,,,,
205,iDIFailTimes,INT,,0,,,,,
206,xDI_GL20_A,BOOL[16],,,,,,X10,
,xDI_GL20_A[0],BOOL,,OFF,,,,X10,
,xDI_GL20_A[1],BOOL,,OFF,,,,X11,
,xDI_GL20_A[2],BOOL,,OFF,,,,X12,
,xDI_GL20_A[3],BOOL,,OFF,,,,X13,
,xDI_GL20_A[4],BOOL,,OFF,,,,X14,
,xDI_GL20_A[5],BOOL,,OFF,,,,X15,
,xDI_GL20_A[6],BOOL,,OFF,,,,X16,
,xDI_GL20_A[7],BOOL,,OFF,,,,X17,
,xDI_GL20_A[8],BOOL,,OFF,,,,X20,
,xDI_GL20_A[9],BOOL,,OFF,,,,X21,
,xDI_GL20_A[10],BOOL,,OFF,,,,X22,
,xDI_GL20_A[11],BOOL,,OFF,,,,X23,
,xDI_GL20_A[12],BOOL,,OFF,,,,X24,
,xDI_GL20_A[13],BOOL,,OFF,,,,X25,
,xDI_GL20_A[14],BOOL,,OFF,,,,X26,
,xDI_GL20_A[15],BOOL,,OFF,,,,X27,
207,iPageCur,INT,,3,,,,,
208,xDebugMode,BOOL,,OFF,,,是否为调试模式,,
209,fADCVal,REAL[8],,,,,,D0,
,fADCVal[0],REAL,,0.000000,,,,D0,
,fADCVal[1],REAL,,0.000000,,,,D2,
,fADCVal[2],REAL,,0.000000,,,,D4,
,fADCVal[3],REAL,,0.000000,,,,D6,
,fADCVal[4],REAL,,0.000000,,,,D8,
,fADCVal[5],REAL,,0.000000,,,,D10,
,fADCVal[6],REAL,,0.000000,,,,D12,
,fADCVal[7],REAL,,0.000000,,,,D14,
210,iMode,INT,,0,,,裸板为0，装壳板为1,,
211,DO_LEVEL0_EN,BOOL,,OFF,,,,,
212,DO_LEVEL0_RET,INT,,0,,,,,
213,DO_LEVEL1_EN,BOOL,,OFF,,,,,
214,DO_LEVEL1_RET,INT,,0,,,,,
215,DO_PWM1_EN,BOOL,,OFF,,,,,
216,DO_PWM1_RET,INT,,0,,,,,
217,DO_PWM2_EN,BOOL,,OFF,,,,,
218,DO_PWM2_RET,INT,,0,,,,,
219,xDI_OK,BOOL[16],,,,,,,
,xDI_OK[0],BOOL,,OFF,,,,,
,xDI_OK[1],BOOL,,OFF,,,,,
,xDI_OK[2],BOOL,,OFF,,,,,
,xDI_OK[3],BOOL,,OFF,,,,,
,xDI_OK[4],BOOL,,OFF,,,,,
,xDI_OK[5],BOOL,,OFF,,,,,
,xDI_OK[6],BOOL,,OFF,,,,,
,xDI_OK[7],BOOL,,OFF,,,,,
,xDI_OK[8],BOOL,,OFF,,,,,
,xDI_OK[9],BOOL,,OFF,,,,,
,xDI_OK[10],BOOL,,OFF,,,,,
,xDI_OK[11],BOOL,,OFF,,,,,
,xDI_OK[12],BOOL,,OFF,,,,,
,xDI_OK[13],BOOL,,OFF,,,,,
,xDI_OK[14],BOOL,,OFF,,,,,
,xDI_OK[15],BOOL,,OFF,,,,,
220,xDI_P_Pio,BOOL[16],,,,,,,
,xDI_P_Pio[0],BOOL,,OFF,,,,,
,xDI_P_Pio[1],BOOL,,OFF,,,,,
,xDI_P_Pio[2],BOOL,,OFF,,,,,
,xDI_P_Pio[3],BOOL,,OFF,,,,,
,xDI_P_Pio[4],BOOL,,OFF,,,,,
,xDI_P_Pio[5],BOOL,,OFF,,,,,
,xDI_P_Pio[6],BOOL,,OFF,,,,,
,xDI_P_Pio[7],BOOL,,OFF,,,,,
,xDI_P_Pio[8],BOOL,,OFF,,,,,
,xDI_P_Pio[9],BOOL,,OFF,,,,,
,xDI_P_Pio[10],BOOL,,OFF,,,,,
,xDI_P_Pio[11],BOOL,,OFF,,,,,
,xDI_P_Pio[12],BOOL,,OFF,,,,,
,xDI_P_Pio[13],BOOL,,OFF,,,,,
,xDI_P_Pio[14],BOOL,,OFF,,,,,
,xDI_P_Pio[15],BOOL,,OFF,,,,,
221,xDO_P_Pio,BOOL[16],,,,,,,
,xDO_P_Pio[0],BOOL,,OFF,,,,,
,xDO_P_Pio[1],BOOL,,OFF,,,,,
,xDO_P_Pio[2],BOOL,,OFF,,,,,
,xDO_P_Pio[3],BOOL,,OFF,,,,,
,xDO_P_Pio[4],BOOL,,OFF,,,,,
,xDO_P_Pio[5],BOOL,,OFF,,,,,
,xDO_P_Pio[6],BOOL,,OFF,,,,,
,xDO_P_Pio[7],BOOL,,OFF,,,,,
,xDO_P_Pio[8],BOOL,,OFF,,,,,
,xDO_P_Pio[9],BOOL,,OFF,,,,,
,xDO_P_Pio[10],BOOL,,OFF,,,,,
,xDO_P_Pio[11],BOOL,,OFF,,,,,
,xDO_P_Pio[12],BOOL,,OFF,,,,,
,xDO_P_Pio[13],BOOL,,OFF,,,,,
,xDO_P_Pio[14],BOOL,,OFF,,,,,
,xDO_P_Pio[15],BOOL,,OFF,,,,,
222,fAO_Ch1,INT,,0,,,,,
223,xAOCal_Start,BOOL[4],,,,,,,
,xAOCal_Start[0],BOOL,,OFF,,,,,
,xAOCal_Start[1],BOOL,,OFF,,,,,
,xAOCal_Start[2],BOOL,,OFF,,,,,
,xAOCal_Start[3],BOOL,,OFF,,,,,
224,iAOCal_Ch_Ctrl,INT[4],,,,,,,
,iAOCal_Ch_Ctrl[0],INT,,0,,,,,
,iAOCal_Ch_Ctrl[1],INT,,0,,,,,
,iAOCal_Ch_Ctrl[2],INT,,0,,,,,
,iAOCal_Ch_Ctrl[3],INT,,0,,,,,
225,iAOCal_Pnt_Ctrl,INT[4],,,,,,,
,iAOCal_Pnt_Ctrl[0],INT,,0,,,,,
,iAOCal_Pnt_Ctrl[1],INT,,0,,,,,
,iAOCal_Pnt_Ctrl[2],INT,,0,,,,,
,iAOCal_Pnt_Ctrl[3],INT,,0,,,,,
226,iAOCal_Ch_n,INT[4],,,,,,,
,iAOCal_Ch_n[0],INT,,0,,,,,
,iAOCal_Ch_n[1],INT,,0,,,,,
,iAOCal_Ch_n[2],INT,,0,,,,,
,iAOCal_Ch_n[3],INT,,0,,,,,
227,iAOCal_Pnt_n,INT[4],,,,,,,
,iAOCal_Pnt_n[0],INT,,0,,,,,
,iAOCal_Pnt_n[1],INT,,0,,,,,
,iAOCal_Pnt_n[2],INT,,0,,,,,
,iAOCal_Pnt_n[3],INT,,0,,,,,
228,xAOCal_Finish,BOOL[4],,,,,,,
,xAOCal_Finish[0],BOOL,,OFF,,,,,
,xAOCal_Finish[1],BOOL,,OFF,,,,,
,xAOCal_Finish[2],BOOL,,OFF,,,,,
,xAOCal_Finish[3],BOOL,,OFF,,,,,
229,xAOCal_Error,BOOL[4],,,,,,,
,xAOCal_Error[0],BOOL,,OFF,,,,,
,xAOCal_Error[1],BOOL,,OFF,,,,,
,xAOCal_Error[2],BOOL,,OFF,,,,,
,xAOCal_Error[3],BOOL,,OFF,,,,,
230,iAOCal_Ch_Stat,INT[4],,,,,,,
,iAOCal_Ch_Stat[0],INT,,0,,,,,
,iAOCal_Ch_Stat[1],INT,,0,,,,,
,iAOCal_Ch_Stat[2],INT,,0,,,,,
,iAOCal_Ch_Stat[3],INT,,0,,,,,
231,iAOCal_Pnt_Stat,INT[4],,,,,,,
,iAOCal_Pnt_Stat[0],INT,,0,,,,,
,iAOCal_Pnt_Stat[1],INT,,0,,,,,
,iAOCal_Pnt_Stat[2],INT,,0,,,,,
,iAOCal_Pnt_Stat[3],INT,,0,,,,,
232,fAORefVal_Ch1,REAL[4],,,,,,,
,fAORefVal_Ch1[0],REAL,,0.000000,,,,,
,fAORefVal_Ch1[1],REAL,,0.000000,,,,,
,fAORefVal_Ch1[2],REAL,,0.000000,,,,,
,fAORefVal_Ch1[3],REAL,,0.000000,,,,,
233,fAORefVal_Ch2,REAL[4],,,,,,,
,fAORefVal_Ch2[0],REAL,,0.000000,,,,,
,fAORefVal_Ch2[1],REAL,,0.000000,,,,,
,fAORefVal_Ch2[2],REAL,,0.000000,,,,,
,fAORefVal_Ch2[3],REAL,,0.000000,,,,,
234,fAORefVal_Ch3,REAL[4],,,,,,,
,fAORefVal_Ch3[0],REAL,,0.000000,,,,,
,fAORefVal_Ch3[1],REAL,,0.000000,,,,,
,fAORefVal_Ch3[2],REAL,,0.000000,,,,,
,fAORefVal_Ch3[3],REAL,,0.000000,,,,,
235,fAORefVal_Ch4,REAL[4],,,,,,,
,fAORefVal_Ch4[0],REAL,,0.000000,,,,,
,fAORefVal_Ch4[1],REAL,,0.000000,,,,,
,fAORefVal_Ch4[2],REAL,,0.000000,,,,,
,fAORefVal_Ch4[3],REAL,,0.000000,,,,,
236,fAORefVal_Ch5,REAL[4],,,,,,,
,fAORefVal_Ch5[0],REAL,,0.000000,,,,,
,fAORefVal_Ch5[1],REAL,,0.000000,,,,,
,fAORefVal_Ch5[2],REAL,,0.000000,,,,,
,fAORefVal_Ch5[3],REAL,,0.000000,,,,,
237,fAORefVal_Ch6,REAL[4],,,,,,,
,fAORefVal_Ch6[0],REAL,,0.000000,,,,,
,fAORefVal_Ch6[1],REAL,,0.000000,,,,,
,fAORefVal_Ch6[2],REAL,,0.000000,,,,,
,fAORefVal_Ch6[3],REAL,,0.000000,,,,,
238,fAORefVal_Ch7,REAL[4],,,,,,,
,fAORefVal_Ch7[0],REAL,,0.000000,,,,,
,fAORefVal_Ch7[1],REAL,,0.000000,,,,,
,fAORefVal_Ch7[2],REAL,,0.000000,,,,,
,fAORefVal_Ch7[3],REAL,,0.000000,,,,,
239,fAORefVal_Ch8,REAL[4],,,,,,,
,fAORefVal_Ch8[0],REAL,,0.000000,,,,,
,fAORefVal_Ch8[1],REAL,,0.000000,,,,,
,fAORefVal_Ch8[2],REAL,,0.000000,,,,,
,fAORefVal_Ch8[3],REAL,,0.000000,,,,,
240,TPR11_En,BOOL,,OFF,,,,,
241,TPR11_PT,DINT,,0,,,,,
242,TPR11_Rst,BOOL,,OFF,,,,,
243,TPR11_Q,BOOL,,OFF,,,,,
244,TPR11_ET,DINT,,0,,,,,
245,TPR12_En,BOOL,,OFF,,,,,
246,TPR12_PT,DINT,,0,,,,,
247,TPR12_Rst,BOOL,,OFF,,,,,
248,TPR12_Q,BOOL,,OFF,,,,,
249,TPR12_ET,DINT,,0,,,,,
250,xAICal_Start,BOOL[6],,,,,,,
,xAICal_Start[0],BOOL,,OFF,,,,,
,xAICal_Start[1],BOOL,,OFF,,,,,
,xAICal_Start[2],BOOL,,OFF,,,,,
,xAICal_Start[3],BOOL,,OFF,,,,,
,xAICal_Start[4],BOOL,,OFF,,,,,
,xAICal_Start[5],BOOL,,OFF,,,,,
251,iAICal_Ch_Ctrl,INT[6],,,,,,,
,iAICal_Ch_Ctrl[0],INT,,0,,,,,
,iAICal_Ch_Ctrl[1],INT,,0,,,,,
,iAICal_Ch_Ctrl[2],INT,,0,,,,,
,iAICal_Ch_Ctrl[3],INT,,0,,,,,
,iAICal_Ch_Ctrl[4],INT,,0,,,,,
,iAICal_Ch_Ctrl[5],INT,,0,,,,,
252,iAICal_Pnt_Ctrl,INT[6],,,,,,,
,iAICal_Pnt_Ctrl[0],INT,,0,,,,,
,iAICal_Pnt_Ctrl[1],INT,,0,,,,,
,iAICal_Pnt_Ctrl[2],INT,,0,,,,,
,iAICal_Pnt_Ctrl[3],INT,,0,,,,,
,iAICal_Pnt_Ctrl[4],INT,,0,,,,,
,iAICal_Pnt_Ctrl[5],INT,,0,,,,,
253,iAICal_Ch_n,INT[6],,,,,,,
,iAICal_Ch_n[0],INT,,0,,,,,
,iAICal_Ch_n[1],INT,,0,,,,,
,iAICal_Ch_n[2],INT,,0,,,,,
,iAICal_Ch_n[3],INT,,0,,,,,
,iAICal_Ch_n[4],INT,,0,,,,,
,iAICal_Ch_n[5],INT,,0,,,,,
254,iAICal_Pnt_n,INT[6],,,,,,,
,iAICal_Pnt_n[0],INT,,0,,,,,
,iAICal_Pnt_n[1],INT,,0,,,,,
,iAICal_Pnt_n[2],INT,,0,,,,,
,iAICal_Pnt_n[3],INT,,0,,,,,
,iAICal_Pnt_n[4],INT,,0,,,,,
,iAICal_Pnt_n[5],INT,,0,,,,,
255,xAICalSuccess,BOOL,,OFF,,,,,
256,xAICalFailed,BOOL,,OFF,不保持,私有,,,
257,xAICal_Finish,BOOL[6],,...,不保持,私有,,,
,xAICal_Finish[0],BOOL,,OFF,,,,,
,xAICal_Finish[1],BOOL,,OFF,,,,,
,xAICal_Finish[2],BOOL,,OFF,,,,,
,xAICal_Finish[3],BOOL,,OFF,,,,,
,xAICal_Finish[4],BOOL,,OFF,,,,,
,xAICal_Finish[5],BOOL,,OFF,,,,,
258,xAICal_Error,BOOL[6],,...,不保持,私有,,,
,xAICal_Error[0],BOOL,,OFF,,,,,
,xAICal_Error[1],BOOL,,OFF,,,,,
,xAICal_Error[2],BOOL,,OFF,,,,,
,xAICal_Error[3],BOOL,,OFF,,,,,
,xAICal_Error[4],BOOL,,OFF,,,,,
,xAICal_Error[5],BOOL,,OFF,,,,,
259,iAICal_Ch_Stat,INT[6],,...,不保持,私有,,,
,iAICal_Ch_Stat[0],INT,,0,,,,,
,iAICal_Ch_Stat[1],INT,,0,,,,,
,iAICal_Ch_Stat[2],INT,,0,,,,,
,iAICal_Ch_Stat[3],INT,,0,,,,,
,iAICal_Ch_Stat[4],INT,,0,,,,,
,iAICal_Ch_Stat[5],INT,,0,,,,,
260,iAICal_Pnt_Stat,INT[6],,...,不保持,私有,,,
,iAICal_Pnt_Stat[0],INT,,0,,,,,
,iAICal_Pnt_Stat[1],INT,,0,,,,,
,iAICal_Pnt_Stat[2],INT,,0,,,,,
,iAICal_Pnt_Stat[3],INT,,0,,,,,
,iAICal_Pnt_Stat[4],INT,,0,,,,,
,iAICal_Pnt_Stat[5],INT,,0,,,,,
261,fAIRefVal_Ch1,REAL[6],,...,不保持,私有,,,
,fAIRefVal_Ch1[0],REAL,,0.000000,,,,,
,fAIRefVal_Ch1[1],REAL,,0.000000,,,,,
,fAIRefVal_Ch1[2],REAL,,0.000000,,,,,
,fAIRefVal_Ch1[3],REAL,,0.000000,,,,,
,fAIRefVal_Ch1[4],REAL,,0.000000,,,,,
,fAIRefVal_Ch1[5],REAL,,0.000000,,,,,
262,fAIRefVal_Ch2,REAL[6],,...,不保持,私有,,,
,fAIRefVal_Ch2[0],REAL,,0.000000,,,,,
,fAIRefVal_Ch2[1],REAL,,0.000000,,,,,
,fAIRefVal_Ch2[2],REAL,,0.000000,,,,,
,fAIRefVal_Ch2[3],REAL,,0.000000,,,,,
,fAIRefVal_Ch2[4],REAL,,0.000000,,,,,
,fAIRefVal_Ch2[5],REAL,,0.000000,,,,,
263,fAIRefVal_Ch3,REAL[6],,...,不保持,私有,,,
,fAIRefVal_Ch3[0],REAL,,0.000000,,,,,
,fAIRefVal_Ch3[1],REAL,,0.000000,,,,,
,fAIRefVal_Ch3[2],REAL,,0.000000,,,,,
,fAIRefVal_Ch3[3],REAL,,0.000000,,,,,
,fAIRefVal_Ch3[4],REAL,,0.000000,,,,,
,fAIRefVal_Ch3[5],REAL,,0.000000,,,,,
264,fAIRefVal_Ch4,REAL[6],,...,不保持,私有,,,
,fAIRefVal_Ch4[0],REAL,,0.000000,,,,,
,fAIRefVal_Ch4[1],REAL,,0.000000,,,,,
,fAIRefVal_Ch4[2],REAL,,0.000000,,,,,
,fAIRefVal_Ch4[3],REAL,,0.000000,,,,,
,fAIRefVal_Ch4[4],REAL,,0.000000,,,,,
,fAIRefVal_Ch4[5],REAL,,0.000000,,,,,
265,fAIRefVal_Ch5,REAL[6],,...,不保持,私有,,,
,fAIRefVal_Ch5[0],REAL,,0.000000,,,,,
,fAIRefVal_Ch5[1],REAL,,0.000000,,,,,
,fAIRefVal_Ch5[2],REAL,,0.000000,,,,,
,fAIRefVal_Ch5[3],REAL,,0.000000,,,,,
,fAIRefVal_Ch5[4],REAL,,0.000000,,,,,
,fAIRefVal_Ch5[5],REAL,,0.000000,,,,,
266,fAIRefVal_Ch6,REAL[6],,...,不保持,私有,,,
,fAIRefVal_Ch6[0],REAL,,0.000000,,,,,
,fAIRefVal_Ch6[1],REAL,,0.000000,,,,,
,fAIRefVal_Ch6[2],REAL,,0.000000,,,,,
,fAIRefVal_Ch6[3],REAL,,0.000000,,,,,
,fAIRefVal_Ch6[4],REAL,,0.000000,,,,,
,fAIRefVal_Ch6[5],REAL,,0.000000,,,,,
267,fAIRefVal_Ch7,REAL[6],,...,不保持,私有,,,
,fAIRefVal_Ch7[0],REAL,,0.000000,,,,,
,fAIRefVal_Ch7[1],REAL,,0.000000,,,,,
,fAIRefVal_Ch7[2],REAL,,0.000000,,,,,
,fAIRefVal_Ch7[3],REAL,,0.000000,,,,,
,fAIRefVal_Ch7[4],REAL,,0.000000,,,,,
,fAIRefVal_Ch7[5],REAL,,0.000000,,,,,
268,fAIRefVal_Ch8,REAL[6],,...,不保持,私有,,,
,fAIRefVal_Ch8[0],REAL,,0.000000,,,,,
,fAIRefVal_Ch8[1],REAL,,0.000000,,,,,
,fAIRefVal_Ch8[2],REAL,,0.000000,,,,,
,fAIRefVal_Ch8[3],REAL,,0.000000,,,,,
,fAIRefVal_Ch8[4],REAL,,0.000000,,,,,
,fAIRefVal_Ch8[5],REAL,,0.000000,,,,,
269,fAOCode_Aux,INT[8],,...,不保持,私有,,,
,fAOCode_Aux[0],INT,,0,,,,,
,fAOCode_Aux[1],INT,,0,,,,,
,fAOCode_Aux[2],INT,,0,,,,,
,fAOCode_Aux[3],INT,,0,,,,,
,fAOCode_Aux[4],INT,,0,,,,,
,fAOCode_Aux[5],INT,,0,,,,,
,fAOCode_Aux[6],INT,,0,,,,,
,fAOCode_Aux[7],INT,,0,,,,,
270,iAICalPntRet,INT,,0,不保持,私有,,,
271,iAICal_Pnt_Max,INT,,2,不保持,私有,,,
272,xAICal_Ready,BOOL,,OFF,不保持,私有,,,
273,xAOCal_Ready,BOOL,,OFF,不保持,私有,,,
274,bAICalTimeOut,BOOL,,OFF,不保持,私有,,,
275,xAOCal_End,BOOL,,OFF,不保持,私有,,,
276,fAOVal_Ch1,REAL[4],,...,不保持,私有,,,
,fAOVal_Ch1[0],REAL,,0.000000,,,,,
,fAOVal_Ch1[1],REAL,,0.000000,,,,,
,fAOVal_Ch1[2],REAL,,0.000000,,,,,
,fAOVal_Ch1[3],REAL,,0.000000,,,,,
277,fAOVal_Ch2,REAL[4],,...,不保持,私有,,,
,fAOVal_Ch2[0],REAL,,0.000000,,,,,
,fAOVal_Ch2[1],REAL,,0.000000,,,,,
,fAOVal_Ch2[2],REAL,,0.000000,,,,,
,fAOVal_Ch2[3],REAL,,0.000000,,,,,
278,fAOVal_Ch3,REAL[4],,...,不保持,私有,,,
,fAOVal_Ch3[0],REAL,,0.000000,,,,,
,fAOVal_Ch3[1],REAL,,0.000000,,,,,
,fAOVal_Ch3[2],REAL,,0.000000,,,,,
,fAOVal_Ch3[3],REAL,,0.000000,,,,,
279,fAOVal_Ch4,REAL[4],,...,不保持,私有,,,
,fAOVal_Ch4[0],REAL,,0.000000,,,,,
,fAOVal_Ch4[1],REAL,,0.000000,,,,,
,fAOVal_Ch4[2],REAL,,0.000000,,,,,
,fAOVal_Ch4[3],REAL,,0.000000,,,,,
280,fAOVal_Ch5,REAL[4],,...,不保持,私有,,,
,fAOVal_Ch5[0],REAL,,0.000000,,,,,
,fAOVal_Ch5[1],REAL,,0.000000,,,,,
,fAOVal_Ch5[2],REAL,,0.000000,,,,,
,fAOVal_Ch5[3],REAL,,0.000000,,,,,
281,fAOVal_Ch6,REAL[4],,...,不保持,私有,,,
,fAOVal_Ch6[0],REAL,,0.000000,,,,,
,fAOVal_Ch6[1],REAL,,0.000000,,,,,
,fAOVal_Ch6[2],REAL,,0.000000,,,,,
,fAOVal_Ch6[3],REAL,,0.000000,,,,,
282,fAOVal_Ch7,REAL[4],,...,不保持,私有,,,
,fAOVal_Ch7[0],REAL,,0.000000,,,,,
,fAOVal_Ch7[1],REAL,,0.000000,,,,,
,fAOVal_Ch7[2],REAL,,0.000000,,,,,
,fAOVal_Ch7[3],REAL,,0.000000,,,,,
283,fAOVal_Ch8,REAL[4],,...,不保持,私有,,,
,fAOVal_Ch8[0],REAL,,0.000000,,,,,
,fAOVal_Ch8[1],REAL,,0.000000,,,,,
,fAOVal_Ch8[2],REAL,,0.000000,,,,,
,fAOVal_Ch8[3],REAL,,0.000000,,,,,
284,iAITestRet,INT,,0,不保持,私有,,,
285,fAIVal_ch1,REAL[6],,...,不保持,私有,,,
,fAIVal_ch1[0],REAL,,0.000000,,,,,
,fAIVal_ch1[1],REAL,,0.000000,,,,,
,fAIVal_ch1[2],REAL,,0.000000,,,,,
,fAIVal_ch1[3],REAL,,0.000000,,,,,
,fAIVal_ch1[4],REAL,,0.000000,,,,,
,fAIVal_ch1[5],REAL,,0.000000,,,,,
286,fAIVal_ch2,REAL[6],,...,不保持,私有,,,
,fAIVal_ch2[0],REAL,,0.000000,,,,,
,fAIVal_ch2[1],REAL,,0.000000,,,,,
,fAIVal_ch2[2],REAL,,0.000000,,,,,
,fAIVal_ch2[3],REAL,,0.000000,,,,,
,fAIVal_ch2[4],REAL,,0.000000,,,,,
,fAIVal_ch2[5],REAL,,0.000000,,,,,
287,fAIVal_ch3,REAL[6],,...,不保持,私有,,,
,fAIVal_ch3[0],REAL,,0.000000,,,,,
,fAIVal_ch3[1],REAL,,0.000000,,,,,
,fAIVal_ch3[2],REAL,,0.000000,,,,,
,fAIVal_ch3[3],REAL,,0.000000,,,,,
,fAIVal_ch3[4],REAL,,0.000000,,,,,
,fAIVal_ch3[5],REAL,,0.000000,,,,,
288,fAIVal_ch4,REAL[6],,...,不保持,私有,,,
,fAIVal_ch4[0],REAL,,0.000000,,,,,
,fAIVal_ch4[1],REAL,,0.000000,,,,,
,fAIVal_ch4[2],REAL,,0.000000,,,,,
,fAIVal_ch4[3],REAL,,0.000000,,,,,
,fAIVal_ch4[4],REAL,,0.000000,,,,,
,fAIVal_ch4[5],REAL,,0.000000,,,,,
289,fAIVal_ch5,REAL[6],,...,不保持,私有,,,
,fAIVal_ch5[0],REAL,,0.000000,,,,,
,fAIVal_ch5[1],REAL,,0.000000,,,,,
,fAIVal_ch5[2],REAL,,0.000000,,,,,
,fAIVal_ch5[3],REAL,,0.000000,,,,,
,fAIVal_ch5[4],REAL,,0.000000,,,,,
,fAIVal_ch5[5],REAL,,0.000000,,,,,
290,fAIVal_ch6,REAL[6],,...,不保持,私有,,,
,fAIVal_ch6[0],REAL,,0.000000,,,,,
,fAIVal_ch6[1],REAL,,0.000000,,,,,
,fAIVal_ch6[2],REAL,,0.000000,,,,,
,fAIVal_ch6[3],REAL,,0.000000,,,,,
,fAIVal_ch6[4],REAL,,0.000000,,,,,
,fAIVal_ch6[5],REAL,,0.000000,,,,,
291,fAIVal_ch7,REAL[6],,...,不保持,私有,,,
,fAIVal_ch7[0],REAL,,0.000000,,,,,
,fAIVal_ch7[1],REAL,,0.000000,,,,,
,fAIVal_ch7[2],REAL,,0.000000,,,,,
,fAIVal_ch7[3],REAL,,0.000000,,,,,
,fAIVal_ch7[4],REAL,,0.000000,,,,,
,fAIVal_ch7[5],REAL,,0.000000,,,,,
292,fAIVal_ch8,REAL[6],,...,不保持,私有,,,
,fAIVal_ch8[0],REAL,,0.000000,,,,,
,fAIVal_ch8[1],REAL,,0.000000,,,,,
,fAIVal_ch8[2],REAL,,0.000000,,,,,
,fAIVal_ch8[3],REAL,,0.000000,,,,,
,fAIVal_ch8[4],REAL,,0.000000,,,,,
,fAIVal_ch8[5],REAL,,0.000000,,,,,
293,xDOTestRecord,BOOL,,OFF,不保持,私有,,,
294,xDITestRecord,BOOL,,OFF,不保持,私有,,,
295,xAOTestRecord,BOOL,,OFF,不保持,私有,,,
296,xAITestRecord,BOOL,,OFF,不保持,私有,,,
297,SDOWr1_En,BOOL,,OFF,不保持,私有,,,
298,fAITestVal,REAL[40],,...,不保持,私有,,,
,fAITestVal[0],REAL,,0.000000,,,,,
,fAITestVal[1],REAL,,0.000000,,,,,
,fAITestVal[2],REAL,,0.000000,,,,,
,fAITestVal[3],REAL,,0.000000,,,,,
,fAITestVal[4],REAL,,0.000000,,,,,
,fAITestVal[5],REAL,,0.000000,,,,,
,fAITestVal[6],REAL,,0.000000,,,,,
,fAITestVal[7],REAL,,0.000000,,,,,
,fAITestVal[8],REAL,,0.000000,,,,,
,fAITestVal[9],REAL,,0.000000,,,,,
,fAITestVal[10],REAL,,0.000000,,,,,
,fAITestVal[11],REAL,,0.000000,,,,,
,fAITestVal[12],REAL,,0.000000,,,,,
,fAITestVal[13],REAL,,0.000000,,,,,
,fAITestVal[14],REAL,,0.000000,,,,,
,fAITestVal[15],REAL,,0.000000,,,,,
,fAITestVal[16],REAL,,0.000000,,,,,
,fAITestVal[17],REAL,,0.000000,,,,,
,fAITestVal[18],REAL,,0.000000,,,,,
,fAITestVal[19],REAL,,0.000000,,,,,
,fAITestVal[20],REAL,,0.000000,,,,,
,fAITestVal[21],REAL,,0.000000,,,,,
,fAITestVal[22],REAL,,0.000000,,,,,
,fAITestVal[23],REAL,,0.000000,,,,,
,fAITestVal[24],REAL,,0.000000,,,,,
,fAITestVal[25],REAL,,0.000000,,,,,
,fAITestVal[26],REAL,,0.000000,,,,,
,fAITestVal[27],REAL,,0.000000,,,,,
,fAITestVal[28],REAL,,0.000000,,,,,
,fAITestVal[29],REAL,,0.000000,,,,,
,fAITestVal[30],REAL,,0.000000,,,,,
,fAITestVal[31],REAL,,0.000000,,,,,
,fAITestVal[32],REAL,,0.000000,,,,,
,fAITestVal[33],REAL,,0.000000,,,,,
,fAITestVal[34],REAL,,0.000000,,,,,
,fAITestVal[35],REAL,,0.000000,,,,,
,fAITestVal[36],REAL,,0.000000,,,,,
,fAITestVal[37],REAL,,0.000000,,,,,
,fAITestVal[38],REAL,,0.000000,,,,,
,fAITestVal[39],REAL,,0.000000,,,,,
299,fAOTestVal,REAL[40],,...,不保持,私有,,,
,fAOTestVal[0],REAL,,0.000000,,,,,
,fAOTestVal[1],REAL,,0.000000,,,,,
,fAOTestVal[2],REAL,,0.000000,,,,,
,fAOTestVal[3],REAL,,0.000000,,,,,
,fAOTestVal[4],REAL,,0.000000,,,,,
,fAOTestVal[5],REAL,,0.000000,,,,,
,fAOTestVal[6],REAL,,0.000000,,,,,
,fAOTestVal[7],REAL,,0.000000,,,,,
,fAOTestVal[8],REAL,,0.000000,,,,,
,fAOTestVal[9],REAL,,0.000000,,,,,
,fAOTestVal[10],REAL,,0.000000,,,,,
,fAOTestVal[11],REAL,,0.000000,,,,,
,fAOTestVal[12],REAL,,0.000000,,,,,
,fAOTestVal[13],REAL,,0.000000,,,,,
,fAOTestVal[14],REAL,,0.000000,,,,,
,fAOTestVal[15],REAL,,0.000000,,,,,
,fAOTestVal[16],REAL,,0.000000,,,,,
,fAOTestVal[17],REAL,,0.000000,,,,,
,fAOTestVal[18],REAL,,0.000000,,,,,
,fAOTestVal[19],REAL,,0.000000,,,,,
,fAOTestVal[20],REAL,,0.000000,,,,,
,fAOTestVal[21],REAL,,0.000000,,,,,
,fAOTestVal[22],REAL,,0.000000,,,,,
,fAOTestVal[23],REAL,,0.000000,,,,,
,fAOTestVal[24],REAL,,0.000000,,,,,
,fAOTestVal[25],REAL,,0.000000,,,,,
,fAOTestVal[26],REAL,,0.000000,,,,,
,fAOTestVal[27],REAL,,0.000000,,,,,
,fAOTestVal[28],REAL,,0.000000,,,,,
,fAOTestVal[29],REAL,,0.000000,,,,,
,fAOTestVal[30],REAL,,0.000000,,,,,
,fAOTestVal[31],REAL,,0.000000,,,,,
,fAOTestVal[32],REAL,,0.000000,,,,,
,fAOTestVal[33],REAL,,0.000000,,,,,
,fAOTestVal[34],REAL,,0.000000,,,,,
,fAOTestVal[35],REAL,,0.000000,,,,,
,fAOTestVal[36],REAL,,0.000000,,,,,
,fAOTestVal[37],REAL,,0.000000,,,,,
,fAOTestVal[38],REAL,,0.000000,,,,,
,fAOTestVal[39],REAL,,0.000000,,,,,
300,fADCTestVal,REAL[40],,...,不保持,私有,,,
,fADCTestVal[0],REAL,,0.000000,,,,,
,fADCTestVal[1],REAL,,0.000000,,,,,
,fADCTestVal[2],REAL,,0.000000,,,,,
,fADCTestVal[3],REAL,,0.000000,,,,,
,fADCTestVal[4],REAL,,0.000000,,,,,
,fADCTestVal[5],REAL,,0.000000,,,,,
,fADCTestVal[6],REAL,,0.000000,,,,,
,fADCTestVal[7],REAL,,0.000000,,,,,
,fADCTestVal[8],REAL,,0.000000,,,,,
,fADCTestVal[9],REAL,,0.000000,,,,,
,fADCTestVal[10],REAL,,0.000000,,,,,
,fADCTestVal[11],REAL,,0.000000,,,,,
,fADCTestVal[12],REAL,,0.000000,,,,,
,fADCTestVal[13],REAL,,0.000000,,,,,
,fADCTestVal[14],REAL,,0.000000,,,,,
,fADCTestVal[15],REAL,,0.000000,,,,,
,fADCTestVal[16],REAL,,0.000000,,,,,
,fADCTestVal[17],REAL,,0.000000,,,,,
,fADCTestVal[18],REAL,,0.000000,,,,,
,fADCTestVal[19],REAL,,0.000000,,,,,
,fADCTestVal[20],REAL,,0.000000,,,,,
,fADCTestVal[21],REAL,,0.000000,,,,,
,fADCTestVal[22],REAL,,0.000000,,,,,
,fADCTestVal[23],REAL,,0.000000,,,,,
,fADCTestVal[24],REAL,,0.000000,,,,,
,fADCTestVal[25],REAL,,0.000000,,,,,
,fADCTestVal[26],REAL,,0.000000,,,,,
,fADCTestVal[27],REAL,,0.000000,,,,,
,fADCTestVal[28],REAL,,0.000000,,,,,
,fADCTestVal[29],REAL,,0.000000,,,,,
,fADCTestVal[30],REAL,,0.000000,,,,,
,fADCTestVal[31],REAL,,0.000000,,,,,
,fADCTestVal[32],REAL,,0.000000,,,,,
,fADCTestVal[33],REAL,,0.000000,,,,,
,fADCTestVal[34],REAL,,0.000000,,,,,
,fADCTestVal[35],REAL,,0.000000,,,,,
,fADCTestVal[36],REAL,,0.000000,,,,,
,fADCTestVal[37],REAL,,0.000000,,,,,
,fADCTestVal[38],REAL,,0.000000,,,,,
,fADCTestVal[39],REAL,,0.000000,,,,,
301,fMeasureErr,REAL[40],,...,不保持,私有,,,
,fMeasureErr[0],REAL,,0.000000,,,,,
,fMeasureErr[1],REAL,,0.000000,,,,,
,fMeasureErr[2],REAL,,0.000000,,,,,
,fMeasureErr[3],REAL,,0.000000,,,,,
,fMeasureErr[4],REAL,,0.000000,,,,,
,fMeasureErr[5],REAL,,0.000000,,,,,
,fMeasureErr[6],REAL,,0.000000,,,,,
,fMeasureErr[7],REAL,,0.000000,,,,,
,fMeasureErr[8],REAL,,0.000000,,,,,
,fMeasureErr[9],REAL,,0.000000,,,,,
,fMeasureErr[10],REAL,,0.000000,,,,,
,fMeasureErr[11],REAL,,0.000000,,,,,
,fMeasureErr[12],REAL,,0.000000,,,,,
,fMeasureErr[13],REAL,,0.000000,,,,,
,fMeasureErr[14],REAL,,0.000000,,,,,
,fMeasureErr[15],REAL,,0.000000,,,,,
,fMeasureErr[16],REAL,,0.000000,,,,,
,fMeasureErr[17],REAL,,0.000000,,,,,
,fMeasureErr[18],REAL,,0.000000,,,,,
,fMeasureErr[19],REAL,,0.000000,,,,,
,fMeasureErr[20],REAL,,0.000000,,,,,
,fMeasureErr[21],REAL,,0.000000,,,,,
,fMeasureErr[22],REAL,,0.000000,,,,,
,fMeasureErr[23],REAL,,0.000000,,,,,
,fMeasureErr[24],REAL,,0.000000,,,,,
,fMeasureErr[25],REAL,,0.000000,,,,,
,fMeasureErr[26],REAL,,0.000000,,,,,
,fMeasureErr[27],REAL,,0.000000,,,,,
,fMeasureErr[28],REAL,,0.000000,,,,,
,fMeasureErr[29],REAL,,0.000000,,,,,
,fMeasureErr[30],REAL,,0.000000,,,,,
,fMeasureErr[31],REAL,,0.000000,,,,,
,fMeasureErr[32],REAL,,0.000000,,,,,
,fMeasureErr[33],REAL,,0.000000,,,,,
,fMeasureErr[34],REAL,,0.000000,,,,,
,fMeasureErr[35],REAL,,0.000000,,,,,
,fMeasureErr[36],REAL,,0.000000,,,,,
,fMeasureErr[37],REAL,,0.000000,,,,,
,fMeasureErr[38],REAL,,0.000000,,,,,
,fMeasureErr[39],REAL,,0.000000,,,,,
302,xAIRecExport,BOOL,,OFF,不保持,私有,,,
303,test_times,INT,,0,不保持,私有,,,
